filename,split,original,label
bztdemptfg.mp4,train,exxqlfpnbz.mp4,FAKE
qarqtkvgby.mp4,train,,REAL
kujvvxpted.mp4,train,fdpisghkmd.mp4,FAKE
avznxuwvbx.mp4,train,dpevefkefv.mp4,FAKE
ehfmarmsvo.mp4,train,jawgcggquk.mp4,FAKE
jjxzidyitl.mp4,train,fopjiyxiqd.mp4,FAKE
aeqpxjlbwu.mp4,train,qarqtkvgby.mp4,FAKE
gtdjfweoyr.mp4,train,gnmmhlbzge.mp4,FAKE
pvlbqbyxxi.mp4,train,knxltsvzyu.mp4,FAKE
uhrofvfghh.mp4,train,eiwtggvtfp.mp4,FAKE
aoydktojny.mp4,train,xkfliqnmwt.mp4,FAKE
cemftmsxis.mp4,train,jawgcggquk.mp4,FAKE
qrxgkksxfu.mp4,train,syxobtuucp.mp4,FAKE
gjxfowkaeo.mp4,train,yxvmusxvcz.mp4,FAKE
whdijawumf.mp4,train,aayrffkzxn.mp4,FAKE
yugbeaqhlf.mp4,train,fsaronfupy.mp4,FAKE
vapznfzfle.mp4,train,gnmmhlbzge.mp4,FAKE
rfpjsloxzg.mp4,train,dxfdovivlw.mp4,FAKE
vopokawkip.mp4,train,wfzjxzhdkj.mp4,FAKE
olmndbetml.mp4,train,sttnfyptum.mp4,FAKE
tqmmvmxqpn.mp4,train,xchzardbfa.mp4,FAKE
roqbnlondz.mp4,train,fzvpbrzssi.mp4,FAKE
pjkgenkrgb.mp4,train,srfefmyjvt.mp4,FAKE
wztythgahw.mp4,train,sttnfyptum.mp4,FAKE
veynowrrav.mp4,train,vpmyeepbep.mp4,FAKE
whgfvrprxj.mp4,train,yljecirelf.mp4,FAKE
jeosukfzow.mp4,train,apvzjkvnwn.mp4,FAKE
eneofiltbk.mp4,train,wfzjxzhdkj.mp4,FAKE
cqpdqjzgcs.mp4,train,xdezcezszc.mp4,FAKE
kpmieleslf.mp4,train,dhjnjkzuhq.mp4,FAKE
dgyeaodnzw.mp4,train,psjfwjzrrh.mp4,FAKE
jdzgjbqksy.mp4,train,srfefmyjvt.mp4,FAKE
qhsehzgxqj.mp4,train,xmkwsnuzyq.mp4,FAKE
qusnfjluuh.mp4,train,qarqtkvgby.mp4,FAKE
snjzgkxvym.mp4,train,rmufsuogzn.mp4,FAKE
kjzyrkhnaf.mp4,train,prmwoaeeng.mp4,FAKE
jakregbmuf.mp4,train,uqtqhiqymz.mp4,FAKE
ywcfkvqemt.mp4,train,eppyqpgewp.mp4,FAKE
wfbqqomqmm.mp4,train,uqtqhiqymz.mp4,FAKE
sjwedraykt.mp4,train,wfzjxzhdkj.mp4,FAKE
bwlxucgxro.mp4,train,srfefmyjvt.mp4,FAKE
wdcrhqtjhf.mp4,train,nweufafotd.mp4,FAKE
iffvaaswwj.mp4,train,wcqvzujamg.mp4,FAKE
izjvqhjokl.mp4,train,xjzkfqddyk.mp4,FAKE
gtinxlhder.mp4,train,qarqtkvgby.mp4,FAKE
drmtvuyoam.mp4,train,heiyoojifp.mp4,FAKE
mdahmdjnkk.mp4,train,wfzjxzhdkj.mp4,FAKE
jqlsethxvz.mp4,train,psjfwjzrrh.mp4,FAKE
rqlpmeyhqh.mp4,train,vpmyeepbep.mp4,FAKE
xfgdnsbnto.mp4,train,xugmhbetrw.mp4,FAKE
kjpxvgjsal.mp4,train,lsmnqsnqld.mp4,FAKE
uoantcwpwm.mp4,train,knxltsvzyu.mp4,FAKE
smxxhrcwlv.mp4,train,exxqlfpnbz.mp4,FAKE
ougeeoojhh.mp4,train,prdrkaxeob.mp4,FAKE
tnwavwcrmn.mp4,train,ucthmsajay.mp4,FAKE
hcanfkwivl.mp4,train,rnpefxwptv.mp4,FAKE
xvzjzkrmlm.mp4,train,wynotylpnm.mp4,FAKE
htorvhbcae.mp4,train,wclvkepakb.mp4,FAKE
rtpbawlmxr.mp4,train,hsbwhlolsn.mp4,FAKE
eppyqpgewp.mp4,train,,REAL
wkdnagybtb.mp4,train,jytrvwlewz.mp4,FAKE
blwvnvsbmz.mp4,train,vtunvalyji.mp4,FAKE
hfeacozznh.mp4,train,syxobtuucp.mp4,FAKE
ytyptdjoay.mp4,train,pqdeutauqc.mp4,FAKE
qjzzeyijyv.mp4,train,yxvmusxvcz.mp4,FAKE
rujcwrjwhf.mp4,train,fdpisghkmd.mp4,FAKE
mzwfaambxx.mp4,train,wynotylpnm.mp4,FAKE
ntpvqwgmqe.mp4,train,fopjiyxiqd.mp4,FAKE
gbatfzbsjs.mp4,train,aayrffkzxn.mp4,FAKE
yvvrvvkhob.mp4,train,qarqtkvgby.mp4,FAKE
onepaeivvr.mp4,train,fsaronfupy.mp4,FAKE
dghhdvdzrb.mp4,train,vmxfwxgdei.mp4,FAKE
xhssxmjzrm.mp4,train,upmgtackuf.mp4,FAKE
gnslnjrgnx.mp4,train,qarqtkvgby.mp4,FAKE
sakziaduuh.mp4,train,xkfliqnmwt.mp4,FAKE
ijgcwhjkua.mp4,train,yxvmusxvcz.mp4,FAKE
alnkzqihau.mp4,train,wfzjxzhdkj.mp4,FAKE
cdcdoqbdmi.mp4,train,fdpisghkmd.mp4,FAKE
tdsndnisso.mp4,train,jytrvwlewz.mp4,FAKE
culaevxduf.mp4,train,srfefmyjvt.mp4,FAKE
gfdjzwnpyp.mp4,train,prmwoaeeng.mp4,FAKE
mordcwbchi.mp4,train,xkfliqnmwt.mp4,FAKE
geknowufwz.mp4,train,jawgcggquk.mp4,FAKE
dlrcprykef.mp4,train,psjfwjzrrh.mp4,FAKE
qpobbumrhm.mp4,train,lzbmwwejxb.mp4,FAKE
hcqxrwzgxt.mp4,train,doniqevxeg.mp4,FAKE
yeeceldqpx.mp4,train,fsaronfupy.mp4,FAKE
kjwnylvwuo.mp4,train,hivnldfvyl.mp4,FAKE
epwesrdmpt.mp4,train,wynotylpnm.mp4,FAKE
fjrueenjyp.mp4,train,nrnklcxdzq.mp4,FAKE
xjfvhfyunl.mp4,train,jawgcggquk.mp4,FAKE
fufcmupzen.mp4,train,,REAL
zqtvyuoabj.mp4,train,rktrpsdlci.mp4,FAKE
fmeptfderu.mp4,train,srfefmyjvt.mp4,FAKE
jvadnjprqn.mp4,train,qyqufaskjs.mp4,FAKE
gvlraqlweh.mp4,train,rnpefxwptv.mp4,FAKE
ptpusmxreb.mp4,train,uqtqhiqymz.mp4,FAKE
hyjqolupxn.mp4,train,qarqtkvgby.mp4,FAKE
gtfwzfrxml.mp4,train,wfzjxzhdkj.mp4,FAKE
axzjovaktp.mp4,train,lokzwdldxp.mp4,FAKE
ynycdheids.mp4,train,xjzkfqddyk.mp4,FAKE
ecnmwevrxo.mp4,train,jzupayeuln.mp4,FAKE
frqhofmoob.mp4,train,ljuuovfkgi.mp4,FAKE
nxzgekegsp.mp4,train,nhsijqpoda.mp4,FAKE
bnitzihcqs.mp4,train,jzupayeuln.mp4,FAKE
snlyjbnpgw.mp4,train,wfzjxzhdkj.mp4,FAKE
rpanzyxdwh.mp4,train,prdrkaxeob.mp4,FAKE
ujvrrbmmye.mp4,train,jawgcggquk.mp4,FAKE
tjdxwdoumt.mp4,train,jzupayeuln.mp4,FAKE
gepzcywmsx.mp4,train,exxqlfpnbz.mp4,FAKE
ejhhdlzpjg.mp4,train,nweufafotd.mp4,FAKE
fbxpssbrqp.mp4,train,lsmnqsnqld.mp4,FAKE
untxvzuldz.mp4,train,xdezcezszc.mp4,FAKE
aaqaifqrwn.mp4,train,xugmhbetrw.mp4,FAKE
usutboyyqq.mp4,train,aayrffkzxn.mp4,FAKE
xzqgptotdo.mp4,train,fopjiyxiqd.mp4,FAKE
wbdpryfqgy.mp4,train,srfefmyjvt.mp4,FAKE
hwtupajxgl.mp4,train,lsmnqsnqld.mp4,FAKE
jbxviammiv.mp4,train,fopjiyxiqd.mp4,FAKE
runmncglnj.mp4,train,gnmmhlbzge.mp4,FAKE
llkhptusjn.mp4,train,fdpisghkmd.mp4,FAKE
mtfhqqlkgs.mp4,train,lzbmwwejxb.mp4,FAKE
ysxtcdphlj.mp4,train,dxfdovivlw.mp4,FAKE
xexmngtcha.mp4,train,wclvkepakb.mp4,FAKE
yhbpxjcglo.mp4,train,wclvkepakb.mp4,FAKE
rvaliysfnr.mp4,train,eppyqpgewp.mp4,FAKE
fopjiyxiqd.mp4,train,,REAL
muhgixhdmd.mp4,train,xjzkfqddyk.mp4,FAKE
xscsjnesyj.mp4,train,jzupayeuln.mp4,FAKE
fswszwicfw.mp4,train,vtunvalyji.mp4,FAKE
nsccdwwlsc.mp4,train,qarqtkvgby.mp4,FAKE
fedcdqtboz.mp4,train,jytrvwlewz.mp4,FAKE
prmwoaeeng.mp4,train,,REAL
tdspbqidzz.mp4,train,jzupayeuln.mp4,FAKE
sochqsfsow.mp4,train,fnslimfagb.mp4,FAKE
eckloytegm.mp4,train,xjzkfqddyk.mp4,FAKE
zigzhwlpcd.mp4,train,lnjkpdviqb.mp4,FAKE
dwkkqhxclz.mp4,train,rnpefxwptv.mp4,FAKE
wvjtrmduky.mp4,train,xchzardbfa.mp4,FAKE
qowkhqmzam.mp4,train,dxfdovivlw.mp4,FAKE
sdzzzxteas.mp4,train,dxfdovivlw.mp4,FAKE
ybbrkacebd.mp4,train,,REAL
tvjlounpor.mp4,train,hivnldfvyl.mp4,FAKE
xiriffwqri.mp4,train,hivnldfvyl.mp4,FAKE
ddqtkrkmjn.mp4,train,srfefmyjvt.mp4,FAKE
qdrjugpyhy.mp4,train,kqlvggiqee.mp4,FAKE
wugnnrsolg.mp4,train,vtunvalyji.mp4,FAKE
cjxbcxpbqi.mp4,train,rktrpsdlci.mp4,FAKE
rqsjnyjukt.mp4,train,qarqtkvgby.mp4,FAKE
zrueallpey.mp4,train,xjzkfqddyk.mp4,FAKE
ovynyicanw.mp4,train,nweufafotd.mp4,FAKE
qjsroipniu.mp4,train,apvzjkvnwn.mp4,FAKE
chqqxfuuzi.mp4,train,,REAL
hitfycdavv.mp4,train,qyqufaskjs.mp4,FAKE
pcwavxhyrj.mp4,train,vtunvalyji.mp4,FAKE
qypedtpatd.mp4,train,wynotylpnm.mp4,FAKE
cmoizyxqcc.mp4,train,hsbwhlolsn.mp4,FAKE
ihnhxathkq.mp4,train,sttnfyptum.mp4,FAKE
sfbnrbvbpn.mp4,train,wynotylpnm.mp4,FAKE
lblzsydwit.mp4,train,rmuxlgsedw.mp4,FAKE
inzrlbgtul.mp4,train,nrnklcxdzq.mp4,FAKE
oopzotineh.mp4,train,jytrvwlewz.mp4,FAKE
qnghrfvbgb.mp4,train,jytrvwlewz.mp4,FAKE
uwzlafwdra.mp4,train,vtunvalyji.mp4,FAKE
rmplscucbt.mp4,train,fnslimfagb.mp4,FAKE
vsmadeuczx.mp4,train,qarqtkvgby.mp4,FAKE
hrovzkcyjw.mp4,train,ybbrkacebd.mp4,FAKE
ybdtkypwez.mp4,train,wynotylpnm.mp4,FAKE
jstwvimaml.mp4,train,jytrvwlewz.mp4,FAKE
pmmhsciico.mp4,train,gnmmhlbzge.mp4,FAKE
pgzduygsyr.mp4,train,eppyqpgewp.mp4,FAKE
uhgxwxlait.mp4,train,wcqvzujamg.mp4,FAKE
pqexbhcasg.mp4,train,xjzkfqddyk.mp4,FAKE
jinomojicv.mp4,train,eppyqpgewp.mp4,FAKE
zpbggelffo.mp4,train,eppyqpgewp.mp4,FAKE
smxqivzwed.mp4,train,ybnucgidtu.mp4,FAKE
nqfpecqeab.mp4,train,exxqlfpnbz.mp4,FAKE
osaesqnzgw.mp4,train,sttnfyptum.mp4,FAKE
birmbtezni.mp4,train,fzvpbrzssi.mp4,FAKE
uvfkppqsjy.mp4,train,gvasarkpfh.mp4,FAKE
ywajbwquvw.mp4,train,jawgcggquk.mp4,FAKE
xymeodlrhb.mp4,train,jzupayeuln.mp4,FAKE
wezyzowkwh.mp4,train,nweufafotd.mp4,FAKE
phjlaexgcl.mp4,train,wynotylpnm.mp4,FAKE
epeyujjlhn.mp4,train,xkfliqnmwt.mp4,FAKE
hqcrauawma.mp4,train,ybbrkacebd.mp4,FAKE
tpkawovfsk.mp4,train,lnhkjhyhvw.mp4,FAKE
fqmfvshgns.mp4,train,gnmmhlbzge.mp4,FAKE
abhggqdift.mp4,train,aayrffkzxn.mp4,FAKE
hasjjkoygr.mp4,train,fopjiyxiqd.mp4,FAKE
mnnxgycfik.mp4,train,hicjuubiau.mp4,FAKE
nokldtllhe.mp4,train,rmufsuogzn.mp4,FAKE
udjqbuaqch.mp4,train,jawgcggquk.mp4,FAKE
liheortwbu.mp4,train,fsaronfupy.mp4,FAKE
wozzcuoagt.mp4,train,hivnldfvyl.mp4,FAKE
drooaxkvib.mp4,train,vpmyeepbep.mp4,FAKE
louyyobufp.mp4,train,uprwuohbwx.mp4,FAKE
rtwlskwxqy.mp4,train,chqqxfuuzi.mp4,FAKE
mkphymhgbd.mp4,train,eiwtggvtfp.mp4,FAKE
csqojsqtgn.mp4,train,wfzjxzhdkj.mp4,FAKE
xlhxkekacj.mp4,train,fopjiyxiqd.mp4,FAKE
inwiunnxmr.mp4,train,fsaronfupy.mp4,FAKE
zwgrutmnsn.mp4,train,dpevefkefv.mp4,FAKE
kdiokpezzi.mp4,train,jytrvwlewz.mp4,FAKE
tjqjumumjm.mp4,train,xugmhbetrw.mp4,FAKE
tszsvitufh.mp4,train,sttnfyptum.mp4,FAKE
hsbljbsgxr.mp4,train,hivnldfvyl.mp4,FAKE
fzkzqwoghs.mp4,train,qyqufaskjs.mp4,FAKE
tjywwgftmv.mp4,train,syxobtuucp.mp4,FAKE
xlmduthjih.mp4,train,doniqevxeg.mp4,FAKE
gnmmhlbzge.mp4,train,,REAL
uxchsxvvme.mp4,train,nhsijqpoda.mp4,FAKE
lbapaexcrc.mp4,train,uprwuohbwx.mp4,FAKE
qfgxitlutn.mp4,train,fdpisghkmd.mp4,FAKE
ratscdfvdk.mp4,train,ddtbarpcgo.mp4,FAKE
hjddjiqcpb.mp4,train,vokrpfjpeb.mp4,FAKE
kanuhxwqaa.mp4,train,apvzjkvnwn.mp4,FAKE
umpscxhfsk.mp4,train,xdezcezszc.mp4,FAKE
pfvbpqjaxg.mp4,train,wcqvzujamg.mp4,FAKE
drjwafunon.mp4,train,ldtgofdaqg.mp4,FAKE
dflpzzixje.mp4,train,nhsijqpoda.mp4,FAKE
dahvuijxob.mp4,train,ddtbarpcgo.mp4,FAKE
oolnekhvhx.mp4,train,fnslimfagb.mp4,FAKE
vqvmlwhabu.mp4,train,psjfwjzrrh.mp4,FAKE
twxfrcqxfu.mp4,train,sttnfyptum.mp4,FAKE
kihrpdtbwy.mp4,train,wynotylpnm.mp4,FAKE
cythdgxpdi.mp4,train,vtunvalyji.mp4,FAKE
lebzjtusnr.mp4,train,xkfliqnmwt.mp4,FAKE
mcjvcndrey.mp4,train,fopjiyxiqd.mp4,FAKE
oejlipxtai.mp4,train,yexeazbqig.mp4,FAKE
zkarzsylvk.mp4,train,dxfdovivlw.mp4,FAKE
vtlxnjhdvs.mp4,train,jytrvwlewz.mp4,FAKE
kafmsctues.mp4,train,jawgcggquk.mp4,FAKE
wzrhdvpktx.mp4,train,wfzjxzhdkj.mp4,FAKE
tkcuhfhdzs.mp4,train,dxfdovivlw.mp4,FAKE
xbdqbydiwc.mp4,train,wcqvzujamg.mp4,FAKE
escwylyxap.mp4,train,knxltsvzyu.mp4,FAKE
ckfqqhpbph.mp4,train,fnslimfagb.mp4,FAKE
rdiogxmrwa.mp4,train,jzupayeuln.mp4,FAKE
ljkjnwrzxv.mp4,train,exxqlfpnbz.mp4,FAKE
nglitpseyp.mp4,train,xjzkfqddyk.mp4,FAKE
zxprilbsxp.mp4,train,fsaronfupy.mp4,FAKE
lrdnmalbhr.mp4,train,fsaronfupy.mp4,FAKE
jjguwagxur.mp4,train,jytrvwlewz.mp4,FAKE
bwsytelwkm.mp4,train,fsaronfupy.mp4,FAKE
tufacqdefx.mp4,train,ldtgofdaqg.mp4,FAKE
uripyyofxy.mp4,train,eiwtggvtfp.mp4,FAKE
goxbkycgkg.mp4,train,prdrkaxeob.mp4,FAKE
uakmltagvm.mp4,train,xchzardbfa.mp4,FAKE
uprwuohbwx.mp4,train,,REAL
jbwtvoixgc.mp4,train,qarqtkvgby.mp4,FAKE
aegvtnwqoe.mp4,train,ybnucgidtu.mp4,FAKE
bqamrsyvnf.mp4,train,jytrvwlewz.mp4,FAKE
lsmnqsnqld.mp4,train,,REAL
lydmxmeegq.mp4,train,fdpisghkmd.mp4,FAKE
wykqjiughm.mp4,train,hsbwhlolsn.mp4,FAKE
srfefmyjvt.mp4,train,,REAL
dtwzjhoizi.mp4,train,gnmmhlbzge.mp4,FAKE
myszscymzv.mp4,train,lnjkpdviqb.mp4,FAKE
gkqitjodaa.mp4,train,psjfwjzrrh.mp4,FAKE
yihsmubqwx.mp4,train,vtunvalyji.mp4,FAKE
wsxxdlhnhh.mp4,train,xmkwsnuzyq.mp4,FAKE
buzdtxdyid.mp4,train,jawgcggquk.mp4,FAKE
bmfkkzheii.mp4,train,ybbrkacebd.mp4,FAKE
tkyrsegtdw.mp4,train,jytrvwlewz.mp4,FAKE
vtzlfurays.mp4,train,doniqevxeg.mp4,FAKE
alpkghdgrv.mp4,train,wynotylpnm.mp4,FAKE
psjfwjzrrh.mp4,train,,REAL
jppzzcldui.mp4,train,hivnldfvyl.mp4,FAKE
avoqheikrk.mp4,train,hivnldfvyl.mp4,FAKE
pqdeutauqc.mp4,train,,REAL
safmejeucy.mp4,train,uprwuohbwx.mp4,FAKE
vmxfwxgdei.mp4,train,,REAL
ybefzibreb.mp4,train,fdpisghkmd.mp4,FAKE
dzlpfpszyv.mp4,train,dhjnjkzuhq.mp4,FAKE
txsyzefnur.mp4,train,nweufafotd.mp4,FAKE
qkzabeimvu.mp4,train,fzvpbrzssi.mp4,FAKE
xrqhflacsg.mp4,train,ybnucgidtu.mp4,FAKE
ivdlxktqvk.mp4,train,vtunvalyji.mp4,FAKE
apzckowxpy.mp4,train,vmxfwxgdei.mp4,FAKE
slvtfdxsmd.mp4,train,rktrpsdlci.mp4,FAKE
dlfuxshert.mp4,train,qyqufaskjs.mp4,FAKE
rmuxlgsedw.mp4,train,,REAL
maxybxfgts.mp4,train,hivnldfvyl.mp4,FAKE
qdfoiguwaf.mp4,train,hivnldfvyl.mp4,FAKE
lustdsegqq.mp4,train,ldtgofdaqg.mp4,FAKE
zpilavstvx.mp4,train,hivnldfvyl.mp4,FAKE
nlurbvsozt.mp4,train,nrnklcxdzq.mp4,FAKE
oobmorozgk.mp4,train,hivnldfvyl.mp4,FAKE
kstmekinaw.mp4,train,pqdeutauqc.mp4,FAKE
nfggixifqp.mp4,train,jawgcggquk.mp4,FAKE
tmgdhykjbo.mp4,train,ddtbarpcgo.mp4,FAKE
ambabjrwbt.mp4,train,xjzkfqddyk.mp4,FAKE
cerwqpmouj.mp4,train,kqlvggiqee.mp4,FAKE
uikpmbsozb.mp4,train,xugmhbetrw.mp4,FAKE
yerppzhfiv.mp4,train,xjzkfqddyk.mp4,FAKE
vmbkxmjsar.mp4,train,xmkwsnuzyq.mp4,FAKE
akpuczgfpk.mp4,train,nweufafotd.mp4,FAKE
wxzekbdrqk.mp4,train,jytrvwlewz.mp4,FAKE
lgkakqesov.mp4,train,yexeazbqig.mp4,FAKE
nxbmkntfzt.mp4,train,rmufsuogzn.mp4,FAKE
hpwdlgshqg.mp4,train,vtunvalyji.mp4,FAKE
uklvqsnxgv.mp4,train,onbgbghesu.mp4,FAKE
acryukkddn.mp4,train,fsaronfupy.mp4,FAKE
oxwglsatdl.mp4,train,psjfwjzrrh.mp4,FAKE
mrhajrsgxh.mp4,train,prdrkaxeob.mp4,FAKE
hvqfhieetb.mp4,train,jawgcggquk.mp4,FAKE
yfxtuimubx.mp4,train,wfzjxzhdkj.mp4,FAKE
ybwvoogtii.mp4,train,xkfliqnmwt.mp4,FAKE
xjsovchfkg.mp4,train,sttnfyptum.mp4,FAKE
fdpisghkmd.mp4,train,,REAL
haxnhfvqvs.mp4,train,xkfliqnmwt.mp4,FAKE
pkkmysbvfh.mp4,train,fdpisghkmd.mp4,FAKE
scxgpnknil.mp4,train,yxvmusxvcz.mp4,FAKE
yhchnvjcok.mp4,train,vmxfwxgdei.mp4,FAKE
xtegzrbvaz.mp4,train,ldtgofdaqg.mp4,FAKE
nzuvtbkmye.mp4,train,sylnrepacf.mp4,FAKE
guqayoypew.mp4,train,vpmyeepbep.mp4,FAKE
gpskwigkxd.mp4,train,vtunvalyji.mp4,FAKE
vgdwxafmnp.mp4,train,gnmmhlbzge.mp4,FAKE
whdwipuosf.mp4,train,prdrkaxeob.mp4,FAKE
btyxvpjgcc.mp4,train,nhsijqpoda.mp4,FAKE
iocjgjemeb.mp4,train,sttnfyptum.mp4,FAKE
sentzzguhv.mp4,train,jytrvwlewz.mp4,FAKE
xnfrhixfym.mp4,train,fsaronfupy.mp4,FAKE
cwvpcctjgs.mp4,train,rktrpsdlci.mp4,FAKE
hvlqewtbbf.mp4,train,rmufsuogzn.mp4,FAKE
mqukycwlwj.mp4,train,ybbrkacebd.mp4,FAKE
sylnrepacf.mp4,train,,REAL
rxpwfcsqum.mp4,train,jytrvwlewz.mp4,FAKE
ncoeewrdlo.mp4,train,uprwuohbwx.mp4,FAKE
mkblttkrmq.mp4,train,wclvkepakb.mp4,FAKE
ookwdfuxzy.mp4,train,vpmyeepbep.mp4,FAKE
syxobtuucp.mp4,train,,REAL
dhjnjkzuhq.mp4,train,,REAL
ndfwdmawcv.mp4,train,jzupayeuln.mp4,FAKE
edqhdckynd.mp4,train,lsmnqsnqld.mp4,FAKE
vpwnqqtgdd.mp4,train,hsbwhlolsn.mp4,FAKE
cvdrzlkwdf.mp4,train,uqtqhiqymz.mp4,FAKE
teohokreqz.mp4,train,wfzjxzhdkj.mp4,FAKE
lzbmwwejxb.mp4,train,,REAL
eowsoapzuj.mp4,train,fnslimfagb.mp4,FAKE
rmvhavnlme.mp4,train,hsbwhlolsn.mp4,FAKE
rokgoeaybe.mp4,train,vtunvalyji.mp4,FAKE
dsgswagtvp.mp4,train,wynotylpnm.mp4,FAKE
gbgtzspdnv.mp4,train,nweufafotd.mp4,FAKE
dypesfpwyi.mp4,train,ybnucgidtu.mp4,FAKE
oaruliortd.mp4,train,qarqtkvgby.mp4,FAKE
cogcvbbjcm.mp4,train,vpmyeepbep.mp4,FAKE
ljuuovfkgi.mp4,train,,REAL
hdgfgvcoqk.mp4,train,prdrkaxeob.mp4,FAKE
cvqyddpcxj.mp4,train,nhsijqpoda.mp4,FAKE
bbxqtnztyy.mp4,train,jzupayeuln.mp4,FAKE
rndxzqfjfk.mp4,train,jzupayeuln.mp4,FAKE
apedduehoy.mp4,train,,REAL
stgusxhcta.mp4,train,nweufafotd.mp4,FAKE
ridiczlgdt.mp4,train,jzupayeuln.mp4,FAKE
oakntpdygb.mp4,train,fnslimfagb.mp4,FAKE
oypqzdrhcr.mp4,train,psjfwjzrrh.mp4,FAKE
eqakbrnwmd.mp4,train,fdpisghkmd.mp4,FAKE
sdorhlibip.mp4,train,hicjuubiau.mp4,FAKE
ktwfxtzjbn.mp4,train,uqtqhiqymz.mp4,FAKE
atzwrsivnb.mp4,train,yxvmusxvcz.mp4,FAKE
pbvgwcwzkg.mp4,train,uprwuohbwx.mp4,FAKE
dfcoyuhhex.mp4,train,qyqufaskjs.mp4,FAKE
iafvzgpbix.mp4,train,lzbmwwejxb.mp4,FAKE
gpjhljtyoq.mp4,train,gcdtglsoqj.mp4,FAKE
hsbwhlolsn.mp4,train,,REAL
ktvvpqqupl.mp4,train,ucthmsajay.mp4,FAKE
jxqibxwhlc.mp4,train,fsaronfupy.mp4,FAKE
wclvkepakb.mp4,train,,REAL
komngcqveq.mp4,train,kqlvggiqee.mp4,FAKE
vokrpfjpeb.mp4,train,,REAL
cyhxxnezbo.mp4,train,srfefmyjvt.mp4,FAKE
yiabajckla.mp4,train,fopjiyxiqd.mp4,FAKE
awigxxbbpb.mp4,train,dxfdovivlw.mp4,FAKE
fhzdtfiqrh.mp4,train,wynotylpnm.mp4,FAKE
nslhmkeicc.mp4,train,qarqtkvgby.mp4,FAKE
clzkcmoyhb.mp4,train,gnmmhlbzge.mp4,FAKE
uccwyoqmtq.mp4,train,xugmhbetrw.mp4,FAKE
lhipivaobq.mp4,train,qyqufaskjs.mp4,FAKE
dhyybsrvwc.mp4,train,onbgbghesu.mp4,FAKE
gmaghrdamw.mp4,train,nrnklcxdzq.mp4,FAKE
gmctmgmyob.mp4,train,uprwuohbwx.mp4,FAKE
zrplhkcesw.mp4,train,fnslimfagb.mp4,FAKE
lcndemqsox.mp4,train,rktrpsdlci.mp4,FAKE
qjpugmbxhb.mp4,train,xmkwsnuzyq.mp4,FAKE
yckyxxeqtd.mp4,train,gnmmhlbzge.mp4,FAKE
noavesktql.mp4,train,wynotylpnm.mp4,FAKE
tvhjcfnqtg.mp4,train,fdpisghkmd.mp4,FAKE
yxvmusxvcz.mp4,train,,REAL
hnalkvbcim.mp4,train,fzvpbrzssi.mp4,FAKE
gxzdueambi.mp4,train,fsaronfupy.mp4,FAKE
yfzulfwjue.mp4,train,qyqufaskjs.mp4,FAKE
bldeizqycp.mp4,train,dxfdovivlw.mp4,FAKE
cmvymfbmlb.mp4,train,fsaronfupy.mp4,FAKE
bobihhgccf.mp4,train,srfefmyjvt.mp4,FAKE
pmsjopmocd.mp4,train,dhjnjkzuhq.mp4,FAKE
pframtxswx.mp4,train,xkfliqnmwt.mp4,FAKE
tynejafvov.mp4,train,dhjnjkzuhq.mp4,FAKE
pqavaksffx.mp4,train,ddtbarpcgo.mp4,FAKE
didzujjhtg.mp4,train,,REAL
ykbhmueovi.mp4,train,prmwoaeeng.mp4,FAKE
cyifdylbln.mp4,train,fufcmupzen.mp4,FAKE
jaurxwocly.mp4,train,pqdeutauqc.mp4,FAKE
yuephcvqzq.mp4,train,knxltsvzyu.mp4,FAKE
msfhpjlxya.mp4,train,qyqufaskjs.mp4,FAKE
cjndhcclqi.mp4,train,uqtqhiqymz.mp4,FAKE
wfzjxzhdkj.mp4,train,,REAL
ekkheaisuo.mp4,train,qarqtkvgby.mp4,FAKE
wpvnnqoqvc.mp4,train,srfefmyjvt.mp4,FAKE
fhtmnfeqft.mp4,train,fnslimfagb.mp4,FAKE
uaspniazcl.mp4,train,jawgcggquk.mp4,FAKE
cxjtjcinqt.mp4,train,apvzjkvnwn.mp4,FAKE
sqbyylskze.mp4,train,uprwuohbwx.mp4,FAKE
titungrbgd.mp4,train,srfefmyjvt.mp4,FAKE
gfoozygynw.mp4,train,fdpisghkmd.mp4,FAKE
eiwtggvtfp.mp4,train,,REAL
inxftbkcqq.mp4,train,xkfliqnmwt.mp4,FAKE
gzkggvloao.mp4,train,jawgcggquk.mp4,FAKE
nimfdfkezw.mp4,train,hplxtssgnz.mp4,FAKE
qhmkklxqlw.mp4,train,jytrvwlewz.mp4,FAKE
srnseorykn.mp4,train,fsaronfupy.mp4,FAKE
ktrleojxlf.mp4,train,kqlvggiqee.mp4,FAKE
kkhrtmftlq.mp4,train,nhsijqpoda.mp4,FAKE
pftrwqispi.mp4,train,prdrkaxeob.mp4,FAKE
gozbrlxguv.mp4,train,fnslimfagb.mp4,FAKE
fnkkqtouoz.mp4,train,nweufafotd.mp4,FAKE
iazovjywij.mp4,train,xkfliqnmwt.mp4,FAKE
prhmixykhr.mp4,train,vpmyeepbep.mp4,FAKE
pilxtozlrg.mp4,train,jytrvwlewz.mp4,FAKE
vvwuqslvnq.mp4,train,ddtbarpcgo.mp4,FAKE
vdnitwfbvr.mp4,train,xkfliqnmwt.mp4,FAKE
hhyxweyjlt.mp4,train,heiyoojifp.mp4,FAKE
rwkfxxgkrh.mp4,train,xmkwsnuzyq.mp4,FAKE
ansbtntiqu.mp4,train,kqlvggiqee.mp4,FAKE
nhsqkozagd.mp4,train,hivnldfvyl.mp4,FAKE
pfhmcogosi.mp4,train,uprwuohbwx.mp4,FAKE
huznbaakma.mp4,train,rktrpsdlci.mp4,FAKE
slkqbehdcq.mp4,train,xjzkfqddyk.mp4,FAKE
qrogkembje.mp4,train,exseruhiuk.mp4,FAKE
qnxnrzonvv.mp4,train,hsbwhlolsn.mp4,FAKE
jqypqwufdv.mp4,train,qyqufaskjs.mp4,FAKE
vtunvalyji.mp4,train,,REAL
hjxckindzx.mp4,train,fzvpbrzssi.mp4,FAKE
zpllznxapc.mp4,train,uqtqhiqymz.mp4,FAKE
heiyoojifp.mp4,train,,REAL
jbxjvkdnci.mp4,train,wfzjxzhdkj.mp4,FAKE
rtkhyvbcjg.mp4,train,vtunvalyji.mp4,FAKE
xnztznqlis.mp4,train,gnmmhlbzge.mp4,FAKE
zmjszxzxpz.mp4,train,rktrpsdlci.mp4,FAKE
scyowrqkep.mp4,train,xkfliqnmwt.mp4,FAKE
txxungvxms.mp4,train,lzbmwwejxb.mp4,FAKE
vriivjhzpk.mp4,train,qyqufaskjs.mp4,FAKE
itfsvvmslp.mp4,train,fdpisghkmd.mp4,FAKE
sqfzwnkpph.mp4,train,xkfliqnmwt.mp4,FAKE
scrbqgpvzz.mp4,train,lnhkjhyhvw.mp4,FAKE
qdqdsaiitt.mp4,train,gnmmhlbzge.mp4,FAKE
liuujwwgpr.mp4,train,ldtgofdaqg.mp4,FAKE
uplcuyuvgf.mp4,train,aayrffkzxn.mp4,FAKE
kxhwssipyi.mp4,train,sttnfyptum.mp4,FAKE
jkfoehpdnd.mp4,train,hicjuubiau.mp4,FAKE
ijehzkozkp.mp4,train,didzujjhtg.mp4,FAKE
oyqgwjdwaj.mp4,train,fopjiyxiqd.mp4,FAKE
scssmbfchs.mp4,train,fdpisghkmd.mp4,FAKE
yllztsrwjw.mp4,train,xkfliqnmwt.mp4,FAKE
bzxauvpscl.mp4,train,vmxfwxgdei.mp4,FAKE
kquembvlju.mp4,train,exseruhiuk.mp4,FAKE
bzvzpwrabw.mp4,train,wclvkepakb.mp4,FAKE
temjefwaas.mp4,train,hsbwhlolsn.mp4,FAKE
furvgnwfln.mp4,train,psjfwjzrrh.mp4,FAKE
lncevtcwya.mp4,train,kqlvggiqee.mp4,FAKE
romzqwhhlb.mp4,train,syxobtuucp.mp4,FAKE
duciovvndy.mp4,train,gvasarkpfh.mp4,FAKE
eyyigsrqff.mp4,train,psjfwjzrrh.mp4,FAKE
pllpxvzpok.mp4,train,wynotylpnm.mp4,FAKE
lbiprboxjx.mp4,train,xmkwsnuzyq.mp4,FAKE
roqyiqgwzd.mp4,train,rktrpsdlci.mp4,FAKE
gnlvnyrpfq.mp4,train,fsaronfupy.mp4,FAKE
vzockawbyi.mp4,train,vpmyeepbep.mp4,FAKE
uqtqhiqymz.mp4,train,,REAL
hrbkraauwx.mp4,train,nhsijqpoda.mp4,FAKE
xjpwlxducl.mp4,train,apvzjkvnwn.mp4,FAKE
moerpiyczb.mp4,train,qarqtkvgby.mp4,FAKE
cefpmcqwex.mp4,train,uqtqhiqymz.mp4,FAKE
qnlyrlrnmn.mp4,train,fsaronfupy.mp4,FAKE
fdqafjiqtn.mp4,train,jytrvwlewz.mp4,FAKE
bfktkdugru.mp4,train,wfzjxzhdkj.mp4,FAKE
miusulscga.mp4,train,xjzkfqddyk.mp4,FAKE
bqefygjsnx.mp4,train,ybbrkacebd.mp4,FAKE
jmcryhnksj.mp4,train,eppyqpgewp.mp4,FAKE
tpvukvpape.mp4,train,xdezcezszc.mp4,FAKE
qzchhaoptt.mp4,train,wynotylpnm.mp4,FAKE
queqdqiqwj.mp4,train,uprwuohbwx.mp4,FAKE
vecdesnjqd.mp4,train,gnmmhlbzge.mp4,FAKE
ouxixrpsnd.mp4,train,upmgtackuf.mp4,FAKE
fsiunpwpqx.mp4,train,xchzardbfa.mp4,FAKE
lbfqksftuo.mp4,train,exseruhiuk.mp4,FAKE
skrpivsmry.mp4,train,yxvmusxvcz.mp4,FAKE
ccrrlidqnp.mp4,train,xugmhbetrw.mp4,FAKE
yxirnfyijn.mp4,train,qarqtkvgby.mp4,FAKE
zxvgazoudy.mp4,train,aayrffkzxn.mp4,FAKE
gxonqiyzpk.mp4,train,prdrkaxeob.mp4,FAKE
cbzxykepbl.mp4,train,fnslimfagb.mp4,FAKE
dkenctaoes.mp4,train,eppyqpgewp.mp4,FAKE
usqqvxcjmg.mp4,train,exxqlfpnbz.mp4,FAKE
ifjzcxxvcd.mp4,train,wclvkepakb.mp4,FAKE
wpnukldybg.mp4,train,jytrvwlewz.mp4,FAKE
qcnsahyrvi.mp4,train,doniqevxeg.mp4,FAKE
vlplaxowmp.mp4,train,prdrkaxeob.mp4,FAKE
rthtvpztdu.mp4,train,jawgcggquk.mp4,FAKE
fpcncmwzxf.mp4,train,fopjiyxiqd.mp4,FAKE
pceaundfcd.mp4,train,gnmmhlbzge.mp4,FAKE
xhxlsedcyb.mp4,train,lnhkjhyhvw.mp4,FAKE
zaendkbrip.mp4,train,hivnldfvyl.mp4,FAKE
nxnelrhins.mp4,train,kqlvggiqee.mp4,FAKE
nsifmpyfnq.mp4,train,psjfwjzrrh.mp4,FAKE
mpivbgsohk.mp4,train,qyqufaskjs.mp4,FAKE
owxbbpjpch.mp4,train,wynotylpnm.mp4,FAKE
mzxtrdcccw.mp4,train,gnmmhlbzge.mp4,FAKE
shnsajrsow.mp4,train,qyqufaskjs.mp4,FAKE
tqxmhhmsyv.mp4,train,rktrpsdlci.mp4,FAKE
hqzwudvhih.mp4,train,xmkwsnuzyq.mp4,FAKE
qrkjzekzkc.mp4,train,jzupayeuln.mp4,FAKE
vauwynfqoz.mp4,train,gnmmhlbzge.mp4,FAKE
cxgieqcozm.mp4,train,uqtqhiqymz.mp4,FAKE
kedahvzait.mp4,train,wclvkepakb.mp4,FAKE
tyijytqowe.mp4,train,ybnucgidtu.mp4,FAKE
pdouadxxba.mp4,train,prmwoaeeng.mp4,FAKE
obpxzorkar.mp4,train,ybbrkacebd.mp4,FAKE
ridrlfphki.mp4,train,jytrvwlewz.mp4,FAKE
sgyztejbsh.mp4,train,fdpisghkmd.mp4,FAKE
sphirandia.mp4,train,jawgcggquk.mp4,FAKE
pgehjsocyc.mp4,train,sttnfyptum.mp4,FAKE
zbpwazdhtz.mp4,train,fzvpbrzssi.mp4,FAKE
lnhkjhyhvw.mp4,train,,REAL
yzjzczodyz.mp4,train,jawgcggquk.mp4,FAKE
lrjxcwrzls.mp4,train,prmwoaeeng.mp4,FAKE
ulkrhrktaz.mp4,train,dpevefkefv.mp4,FAKE
eefzpdrrji.mp4,train,exxqlfpnbz.mp4,FAKE
nadprinqny.mp4,train,doniqevxeg.mp4,FAKE
doniqevxeg.mp4,train,,REAL
nyxrmccdss.mp4,train,jzupayeuln.mp4,FAKE
acdkfksyev.mp4,train,qyqufaskjs.mp4,FAKE
gvasarkpfh.mp4,train,,REAL
fsdrwikhge.mp4,train,fsaronfupy.mp4,FAKE
ilflslfgbn.mp4,train,ucthmsajay.mp4,FAKE
nkojmntmdg.mp4,train,exxqlfpnbz.mp4,FAKE
cvycgtwfsi.mp4,train,gnmmhlbzge.mp4,FAKE
lmhkuaobue.mp4,train,rktrpsdlci.mp4,FAKE
pelmgfqkmh.mp4,train,yxvmusxvcz.mp4,FAKE
dtjcyzgdts.mp4,train,wcqvzujamg.mp4,FAKE
twxnazwxup.mp4,train,fnslimfagb.mp4,FAKE
kbssbcdcxx.mp4,train,psjfwjzrrh.mp4,FAKE
ntpmamjdyk.mp4,train,sttnfyptum.mp4,FAKE
jeblbsmlij.mp4,train,upmgtackuf.mp4,FAKE
gccnvdoknm.mp4,train,eiwtggvtfp.mp4,FAKE
tnougkhbju.mp4,train,fopjiyxiqd.mp4,FAKE
fgobmbcami.mp4,train,,REAL
vpsngiunec.mp4,train,ljuuovfkgi.mp4,FAKE
zcnslhnnhl.mp4,train,fsaronfupy.mp4,FAKE
enqxsifggs.mp4,train,yxvmusxvcz.mp4,FAKE
nflbwkeqpz.mp4,train,gnmmhlbzge.mp4,FAKE
lsadkstabm.mp4,train,vtunvalyji.mp4,FAKE
yminuwlmoh.mp4,train,uprwuohbwx.mp4,FAKE
rnfvcslcmf.mp4,train,vtunvalyji.mp4,FAKE
rndcqgjrqk.mp4,train,gnmmhlbzge.mp4,FAKE
padqtwbzzo.mp4,train,vtunvalyji.mp4,FAKE
xykfexpxnv.mp4,train,rktrpsdlci.mp4,FAKE
zuvktiyzzr.mp4,train,psjfwjzrrh.mp4,FAKE
ushjtzfvyn.mp4,train,dpevefkefv.mp4,FAKE
ngyoubuxyf.mp4,train,fnslimfagb.mp4,FAKE
nmgnxptofk.mp4,train,ngvcqxjhyb.mp4,FAKE
mfnsxrdygp.mp4,train,kqlvggiqee.mp4,FAKE
dkojxwpvza.mp4,train,fopjiyxiqd.mp4,FAKE
lmpfbmeade.mp4,train,psjfwjzrrh.mp4,FAKE
wrzuyvgcog.mp4,train,srfefmyjvt.mp4,FAKE
ozqysilrin.mp4,train,uqtqhiqymz.mp4,FAKE
kmcdjxmnoa.mp4,train,sttnfyptum.mp4,FAKE
zvjzhuinck.mp4,train,jytrvwlewz.mp4,FAKE
doiljuhamq.mp4,train,onbgbghesu.mp4,FAKE
jphmkhpoeb.mp4,train,fdpisghkmd.mp4,FAKE
omrtielsni.mp4,train,fsaronfupy.mp4,FAKE
rfcgheaqwm.mp4,train,eppyqpgewp.mp4,FAKE
npneqyjgiq.mp4,train,kqlvggiqee.mp4,FAKE
ohaqlzfnuv.mp4,train,sttnfyptum.mp4,FAKE
awnfpubqmo.mp4,train,lnhkjhyhvw.mp4,FAKE
mfkzoapcqm.mp4,train,syxobtuucp.mp4,FAKE
onbgbghesu.mp4,train,,REAL
ueobjeflda.mp4,train,dhjnjkzuhq.mp4,FAKE
oqhqvsiyaz.mp4,train,exseruhiuk.mp4,FAKE
eauhakbohz.mp4,train,wfzjxzhdkj.mp4,FAKE
vpmyeepbep.mp4,train,,REAL
tuykyajhbr.mp4,train,yexeazbqig.mp4,FAKE
rfjuhbnlro.mp4,train,uqtqhiqymz.mp4,FAKE
yzuestxcbq.mp4,train,uqtqhiqymz.mp4,FAKE
hwcnsgqzld.mp4,train,psjfwjzrrh.mp4,FAKE
kdycxkmnnw.mp4,train,yljecirelf.mp4,FAKE
dxdzrfikon.mp4,train,fopjiyxiqd.mp4,FAKE
utxbqyxdwo.mp4,train,vtunvalyji.mp4,FAKE
tkvhbpjuvd.mp4,train,vpmyeepbep.mp4,FAKE
fybkxkgstv.mp4,train,wynotylpnm.mp4,FAKE
iyhkhsdhma.mp4,train,fnslimfagb.mp4,FAKE
nixohljfqx.mp4,train,kqlvggiqee.mp4,FAKE
fxredodlkl.mp4,train,wynotylpnm.mp4,FAKE
zepsangjjb.mp4,train,nrnklcxdzq.mp4,FAKE
aymlynzeni.mp4,train,doniqevxeg.mp4,FAKE
gwsmeakcic.mp4,train,ldtgofdaqg.mp4,FAKE
ikpyxzpiiv.mp4,train,pqdeutauqc.mp4,FAKE
qhugrooovy.mp4,train,nhsijqpoda.mp4,FAKE
zoleozlpfj.mp4,train,jawgcggquk.mp4,FAKE
yabvnuhvkn.mp4,train,nweufafotd.mp4,FAKE
tptalpxwlv.mp4,train,wynotylpnm.mp4,FAKE
gohsbddbhu.mp4,train,sttnfyptum.mp4,FAKE
taagzkcswj.mp4,train,fsaronfupy.mp4,FAKE
mvvrdfleux.mp4,train,qyqufaskjs.mp4,FAKE
lgqlkfrnuc.mp4,train,fnslimfagb.mp4,FAKE
pqjlbhkhzr.mp4,train,xkfliqnmwt.mp4,FAKE
wcqvzujamg.mp4,train,,REAL
lclrhuuwnj.mp4,train,fgobmbcami.mp4,FAKE
mfvqmuulak.mp4,train,qyqufaskjs.mp4,FAKE
ygknkubeyb.mp4,train,nweufafotd.mp4,FAKE
zamdpqkmaz.mp4,train,vtunvalyji.mp4,FAKE
enhiqdvfpu.mp4,train,hivnldfvyl.mp4,FAKE
wumkadhelo.mp4,train,sttnfyptum.mp4,FAKE
gumgvhycum.mp4,train,hivnldfvyl.mp4,FAKE
sttnfyptum.mp4,train,,REAL
zwsbdiyrpg.mp4,train,rktrpsdlci.mp4,FAKE
mphsgertmm.mp4,train,psjfwjzrrh.mp4,FAKE
iojmxrzvxe.mp4,train,aayrffkzxn.mp4,FAKE
lljlzhmrhp.mp4,train,sttnfyptum.mp4,FAKE
jquevmhdvc.mp4,train,gnmmhlbzge.mp4,FAKE
cxgsjamupo.mp4,train,pqdeutauqc.mp4,FAKE
mwrblsiixn.mp4,train,sttnfyptum.mp4,FAKE
hgjdosshpt.mp4,train,syxobtuucp.mp4,FAKE
gyrdgpiygb.mp4,train,fufcmupzen.mp4,FAKE
vinguynpez.mp4,train,upmgtackuf.mp4,FAKE
uotkopqsnc.mp4,train,xjzkfqddyk.mp4,FAKE
mdihiuwzea.mp4,train,nweufafotd.mp4,FAKE
rixpoeqiaq.mp4,train,fzvpbrzssi.mp4,FAKE
lifgmjcybk.mp4,train,xdezcezszc.mp4,FAKE
dcwnkxrsgg.mp4,train,lzbmwwejxb.mp4,FAKE
uipygodqdq.mp4,train,dpevefkefv.mp4,FAKE
gnxgiwcknq.mp4,train,qarqtkvgby.mp4,FAKE
jxlhrgwjdt.mp4,train,fdpisghkmd.mp4,FAKE
ppmvktsmkc.mp4,train,fufcmupzen.mp4,FAKE
yncjoacwmk.mp4,train,fnslimfagb.mp4,FAKE
upmgtackuf.mp4,train,,REAL
qvebuvzhcs.mp4,train,rktrpsdlci.mp4,FAKE
ntkrwyqoop.mp4,train,fopjiyxiqd.mp4,FAKE
uhakqelqri.mp4,train,srfefmyjvt.mp4,FAKE
dxrqdhegop.mp4,train,ddtbarpcgo.mp4,FAKE
nwypeqqonh.mp4,train,prdrkaxeob.mp4,FAKE
flilazlokf.mp4,train,upmgtackuf.mp4,FAKE
dmirtsrziw.mp4,train,jzupayeuln.mp4,FAKE
vbcjbecyos.mp4,train,wynotylpnm.mp4,FAKE
nyknlonjxq.mp4,train,heiyoojifp.mp4,FAKE
xkfliqnmwt.mp4,train,,REAL
xdezcezszc.mp4,train,,REAL
xwlwgvujnz.mp4,train,kqlvggiqee.mp4,FAKE
dtwxxkuvox.mp4,train,upmgtackuf.mp4,FAKE
phunswkrpy.mp4,train,nweufafotd.mp4,FAKE
qmmzklpowl.mp4,train,apvzjkvnwn.mp4,FAKE
wnlubukrki.mp4,train,uprwuohbwx.mp4,FAKE
ctzgudcdyu.mp4,train,xkfliqnmwt.mp4,FAKE
zhopdnywsb.mp4,train,wfzjxzhdkj.mp4,FAKE
rhvsxaewcr.mp4,train,fopjiyxiqd.mp4,FAKE
